mz,Formula,SMID,attachments on glucose,anomeric,acylation1_2C,acylation2_6C,class_2C,class_6C,Stable isotope labeling,rt_minutes,cest-1.2_A,cest-1.2_B,cest-1.2_C,cest-1.2_D,cest-2.1_A,cest-2.1_B,cest-2.1_C,cest-2.1_D,N2_A,N2_B,N2_C,N2_D
298.09323,C13H17NO7,angl#1,anthranilic acid,anthranilate,NA,NA,,,,6.14,327818.5079,456334.9197,703068.8595,384411.3704,173554.2936,316326.1768,1205128.61,399278.6334,230016.6096,219892.3757,346277.585,263560.1809
483.08047,C19 H21 O11 N2 P,angl#101,anthranilic acid nicotinic acid,anthranilate,nicotinic_acid,NA,AA,,,7.46,23260.3934,33185.0218,9021.897104,17386.56324,1368462.862,1916846.169,2051117.125,1591035.3,2154578.219,1991757.557,1407772.14,1370163.292
434.08522,C16H22NO11P,angl#12,anthranilic acid propionic acid,anthranilate,propionic_acid,NA,SCFA,,,8.42,480.5167408,549.0631916,0,791.3399009,113263.3863,206492.6388,190966.563,147503.314,230443.661,166333.4351,242549.9564,98657.80117
482.08522,C20 H22 O11 N P,angl#161,anthranilic acid benzoic acid,anthranilate,benzoic_acid,NA,AA,,,9.37,8243.410429,10103.73686,5832.499043,15611.03226,3966456.625,6720370.657,5046387.58,4721332.878,7491785.746,6543597.418,4741476.696,2901267.41
542.14274,C23 H30 O12 N P,angl#18,anthranilic acid tiglic acid (x2),anthranilate,tiglic_acid,tiglic_acid,Unsat_OA,Unsat_OA,,11.76,1531810.572,1743025.904,1318075.937,1357128.39,1736280.123,3108109.802,3523681.064,2987571.005,1996845.002,1390272.463,2059857.965,2659792.699
553.12234,C23 H27 O12 N2 P,angl#19,anthranilic acid nicotinic acid isovaleric acid,anthranilate,nicotinic_acid,isovaleric_acid,AA,SCFA,,10.62,7061.816279,8577.113379,9084.072609,8211.102937,53230.37468,101695.8878,116081.2749,108909.3829,135657.8478,82405.86019,107976.7905,132135.8863
378.05956,C13H18NO10P,angl#2,,anthranilate,NA,NA,,,,6.01,37217620.53,49692608.47,53501285.93,89915003.16,31963248.98,52189133.75,80982991.04,63315051.5,39250156.2,26923682.77,56783783.16,54473858.36
566.14274,C25 H30 O12 N P,angl#22,anthranilic acid phenylacetic acid butyric acid,anthranilate,phenylacetic_acid,butyric_acid,AA,SCFA,,9.85,0,1679.61339,1503.810161,1291.331737,192897.1896,390655.1082,195798.841,204462.324,269109.3036,218606.7126,184667.5501,119916.1295
559.11177,C25 H25 O11 N2 P,angl#23,antrhanilic acid nicotinic acid pyrrolic acid,anthranilate,nicotinic_acid,pyrrolic_acid,AA,AA,,9.11,0,556.5384505,0,0,62762.64726,86178.86944,32325.55227,35331.31922,80115.52782,81649.04007,21371.55527,22158.78565
579.13799,C25 H29 O12 N2 P,angl#26,anthranilic acid (x2) tiglic acid,anthranilate,anthranilic_acid,tiglic_acid,AA,Unsat_OA,,11.53,1909.313471,1553.940242,1684.293967,1739.730016,1306240.797,2635278.43,2483581.434,2347787.282,3045191.635,2090733.523,3317605.844,3151385.568
587.10669,C26H25N2O12P,angl#27,anthranilic acid benzoic acid nicotonic acid,anthranilate,benzoic_acid,nicotinic_acid,AA,AA,,10.18,0,0,0,0,871941.3229,1585120.382,1230223.667,957490.8487,1506780.618,1321878.59,734680.4226,888130.7384
588.10194,C25 H24 O12 N3 P,angl#30,anthranilic acid nicotinic acid (x2),anthranilate,nicotinic_acid,nicotinic_acid,AA,AA,,8.8,1411.159249,2069.774645,0,0,421689.3903,617217.981,502237.76,387501.6577,642170.8032,620791.3768,292648.8679,484991.9369
601.12234,C27 H29 O12 N2 P,angl#32,anthranilic acid (x2) benzoic acid,anthranilate,benzoic_acid,benzoic_acid,AA,AA,,11.8,0,678.7870388,0,581.2211077,461783.2621,807346.8271,482761.3598,501653.8975,1101843.788,907345.6625,841041.5272,480340.2231
607.16929,C27 H33 O12 N2 P,angl#34,anthranilic acid tiglic acid phenyalanine,anthranilate,tiglic_acid,phenylalanine,Unsat_OA,AA,,7.86,539.6740425,0,697.4061025,0,339156.9675,571155.5554,554809.4215,610082.1398,388182.8091,378133.7963,664181.5628,608573.6115
616.13324,C27H28N3O12P,angl#36,anthranilic acid (x3),anthranilate,anthranilic_acid,anthranilic_acid,AA,AA,,11.44,0,0,0,0,304319.7242,667106.4663,487423.0576,482507.2561,897616.8374,617452.2324,941999.444,831643.8559
629.15364,C29 H31 O12 N2 P,angl#38,anthranilic acid phenylalanine benzoic acid,anthranilate,phenylalanine,benzoic_acid,AA,AA,,8.08,0,549.0199806,767.7578167,0,295435.0285,498769.8773,192305.7415,290487.3088,417327.6625,528029.1803,386032.1952,177055.9546
497.09667,C20H22N2O11P-,angl#4,,anthranilate,NA,NA,,,,9.89,3790299.751,4808507.005,3846870.854,9808481.244,4710650.696,7364906.19,9843625.753,9127862.158,5782286.828,3540748.939,10103556.94,13858054.07
679.26319,C32 H45 O12 N2 P,angl#40,anthranilic acid (x2) 12:0,anthranilate,anthranilic_acid,FA_12:0,AA,FA,,9.2,0,485.822351,0,0,108214.5699,168771.3628,122390.3783,126776.6627,206789.2938,175841.6408,132360.9702,92524.32084
564.12709,C25 H28 O12 N P,angl#42,anthranilic acid tiglic acid benzoic acid,anthranilate,benzoic_acid,tiglic_acid,AA,Unsat_OA,,11.88,0,0,0,0,2931710.931,5100739.67,3278178.913,3752474.209,5373746.344,4024052.368,3621189.796,2307936.429
583.1329,C24 H29 O13 N2 P,angl#44,anthranilic acid (x2) hydroxybutyric acid,anthranilate,anthranilic_acid,hydroxybutyric_acid,AA,AA,,10.95,0,0,0,0,1451582.275,2611304.66,1195671.777,1280439.709,2278355.88,2292413.829,1363302.056,1121497.571
448.10087,C17 H24 O11 N P,angl#45,anthranilic acid isovaleric acid,anthranilate,anthranilic_acid,isovaleric_acid,AA,SCFA,,8.64,0,487.26028,0,908.6965336,18572.50756,35228.75285,47884.99692,34894.83668,27973.05915,20240.51476,20177.22731,26128.76328
617.11725,C27 H27 O13 N2 P,angl#47,anthranilic acid (x2) hydroxybenzoic acid,anthranilate,hydroxybenzoic_acid,anthranilic_acid,AA,AA,,10.53,0,0,0,0,24073.46386,36489.31857,30346.27314,33653.06202,100590.2092,72654.85171,73533.13943,78207.52507
590.11759,C25 H24 O12 N3 P,angl#51,anthranilic acid (x2) pyrrolic acid,anthranilate,anthranilic_acid,pyrrolic_acid,AA,AA,,9.42,0,0,0,0,78072.32729,112375.1571,8567.668002,30268.67657,117624.5136,152652.3792,36472.98944,5231.690353
544.15839,C23 H32 O12 N P,angl#54,anthranilic acid tiglic acid isovaleric acid,anthranilate,isovaleric_acid,tiglic_acid,SCFA,Unsat_OA,,11.95,5671.445474,4979.914954,5370.52245,4327.62013,138139.6144,290236.0167,354576.8708,322797.8704,135839.5562,82761.05274,126129.5964,217199.9443
460.10087,C18 H24 O11 N P,angl#601,anthranilic acid tiglic acid,anthranilate,tiglic_acid,NA,Unsat_OA,,,9.99,13336581.87,18190925,12715939.2,42913659.54,15295848.65,24543109.11,37678702.7,35275849.57,21335144.22,12511047.73,34884157.56,48965127.27
586.11144,C27 H26 N O12 P,angl#70,anthranilic acid benzoic acid (x2),anthranilate,benzoic_acid,benzoic_acid,AA,AA,,12.15,0,0,0,582.5201765,404618.1803,787908.3263,346731.4265,370510.0513,932056.8193,874229.3376,427649.5045,228771.0352
275.15001,C13H24O6,ascr#1,,NA,NA,NA,,,,7.57,4219331.537,6083032.255,8213435.752,5888304.655,4318049.947,8430244.023,7353202.108,5549810.743,5336964.237,5862644.823,7117764.389,4921204.743
303.18131,C15H28O6,ascr#10,,NA,NA,NA,,,,9.14,1968973.773,2707495.944,4720725.787,1262234.514,1779846.984,3069444.456,1756819.421,5371585.465,1990768.832,2479504.885,5049243.557,1590113.071
301.16566,C15H26O6,ascr#3,,NA,NA,NA,,,,8.87,8683896.332,12411086.58,13197328.27,10281994.27,6723385.661,13027643.38,11426006.08,8291025.41,11001799.82,11774153.35,12715620.17,8813004.575
273.13436,C13H22O6,ascr#7,,NA,NA,NA,,,,7.32,1697486.662,2458766.718,6174589.237,4558605.399,1722912.922,2922589.979,5257881.602,3016592.863,2280528.425,2165186.442,3268801.486,2927848.071
247.11871,C11H20O6,ascr#9,,NA,NA,NA,,,,6.13,1888560.401,2647635.23,1276967.763,729086.5845,1524070.529,2826810.217,917076.9118,1191932.825,2080999.815,2376155.764,1462000.096,666480.1764
560.09579,C25 H24 O12 N P,bzglu#10,benzoic acid (x2) pyrrolic acid,benzoate,pyrrolic_acid,pyrrolic_acid,AA,AA,,11.53,0,2267.518699,658.4254726,1422.703883,251913.1285,329475.3606,28245.01132,74361.72545,1098865.773,1652870.796,228652.3049,27479.69478
561.09104,C24 H23 O12 N2 P,bzglu#11,benzoic acid nicotinic acid pyrrolic acid,benzoate,nicotinic_acid,pyrrolic_acid,AA,AA,,9.56,36291.77774,32663.07893,11990.8413,7951.488514,226688.1141,319372.9491,56909.70864,103569.1952,704777.4696,860117.9047,207012.9951,57369.89054
561.09104,C24 H23 O12 N2 P,bzglu#13,benzoic acid nicotinic acid pyrrolic acid,benzoate,pyrrolic_acid,nicotinic_acid,AA,AA,,9.56,36291.77774,32663.07893,11990.8413,7951.488514,226688.1141,319372.9491,56909.70864,103569.1952,704777.4696,860117.9047,207012.9951,57369.89054
445.08997,C18 H23 O11 P,bzglu#201,benozic acid tiglic acid,benzoate,tiglic_acid,NA,Unsat_OA,,,9.62,6722.453108,9193.729753,4177.637213,11164.48282,1033338.675,1787548.287,1117712.89,1120955.539,1797568.317,1572434.021,988386.1545,595291.94
445.08997,C18 H23 O11 P,bzglu#201,benozic acid tiglic acid,benzoate,NA,tiglic_acid,,Unsat_OA,,10.54,269384.4126,406095.4078,163666.7958,663003.9769,243512.0161,403980.1526,492969.4586,410266.4418,461668.3581,307223.8853,414944.9375,569436.475
552.12709,C24 H28 O12 N P,bzglu#4,benzoic acid nicotinic acid isovaleric acid,benzoate,pyrrolic_acid,isovaleric_acid,AA,SCFA,,8.98,2199.02135,3309.129474,3312.379355,1598.541484,130613.2231,215450.7247,285789.4398,214669.8641,120662.6942,84342.13334,136586.2666,222821.3921
551.13184,C25 H29 O12 P,bzglu#8,benzoic acid (x2) isovaleric acid,benzoate,isovaleric_acid,benzoic_acid,AA,AA,,10.15,0,0,0,1481.538239,465714.3196,844102.4417,400665.8349,517218.7328,565499.6284,505345.3592,382407.7329,191211.9386
549.09104,C23 H23 O12 N2 P,bzglu#9,benzoic acid pyrrolic acid (x2),benzoate,pyrrolic_acid,pyrrolic_acid,AA,AA,,10.63,0,0,0,0,67497.36296,63292.59712,1889.086345,13249.01403,531614.0866,847968.4848,157149.4214,3062.583175
583.11177,C27H25N2O11P,higlu#3,hydoxyindole nicotinc acid benzoic acid,hydroxyindole,benzoic_acid,nicotinic_acid,AA,AA,,10.41,0,0,0,0,473583.37,694984.6722,189784.0574,255663.7204,676630.7118,827320.9355,230381.3154,168617.6812
720.24212,C34 H44 O14 N P,iglas#101,indole ascr#1 benzoic acid,indole,NA,NA,,,,11.8,0,0,0,0,459454.9421,766914.666,71769.69242,167267.3546,486262.7875,684395.8161,191880.5797,43343.13665
720.24212,C34 H44 O14 N P,iglas#101,indole ascr#1 benzoic acid,indole,NA,NA,,,,12.16,389242.2154,450546.8193,261744.8447,126103.213,297605.8656,516345.942,65982.71464,108984.7697,435561.3888,592989.169,159355.2058,40450.67856
746.25777,C36 H46 O14 N P,iglas#301,indole ascr#3 benzoic acid,indole,NA,NA,,,,12.48,0,0,0,708.4409159,515254.8587,834792.6778,35992.40321,113638.1434,1137105.19,1402961.687,170269.8555,23875.12887
746.25777,C36 H46 O14 N P,iglas#301,indole ascr#3 benzoic acid,indole,NA,NA,,,,14.11,641371.4092,739184.7322,353933.4106,122489.0863,478867.2802,715706.2214,90116.26722,250057.4868,564460.9,709516.7754,234713.8594,92132.0813
733.23737,C34 H43 O14 N2 P,iglas#701,indole ascr#7 anthranilic acid,indole,NA,NA,,,,11.36,0,0,667.6206115,0,512571.8651,953937.1883,209604.8718,283035.6497,990500.5272,1094462.067,461881.1746,173915.8315
718.22647,C34 H42 O14 N P,iglas#702,indole ascr#7 benzoic acid,indole,NA,NA,,,,11.63,0,0,0,0,610271.2061,1019002.191,82464.84259,222687.9367,1161805.982,1525677.493,265358.4008,61556.70303
278.1034,C14H17NO5,iglu#1,,indole,NA,NA,,,,7.32,6743483.128,8772931.928,31926644.55,25937305.88,18845709.43,22186724.03,24921702.58,22314759.55,15556670.89,15985855.1,30051123.35,23617709.71
451.09064,C19H21N2O9P,iglu#101,indole pyrrolic acid,indole,pyrrolic_acid,NA,AA,,,9.48,646.2866909,3488.512615,1173.935833,0,1345668.693,2279322.045,318176.118,547771.1607,5720485.948,6989431.756,2828769.721,229577.4227
462.09539,C21H22NO9P,iglu#121,indole benzoic acid,indole,benzoic_acid,NA,AA,,,10.28,9819.117346,31039.3848,30095.92847,13913.22094,17571598.86,30216043.24,9115293.955,12017089.89,33564444.11,38518345.47,14937751.89,4436360.261
442.12669,C19 H26 O9 N P,iglu#141,indole isovaleric acid,indole,isovaleric_acid,NA,SCFA,,13C5 from 13C6-L-leucine,10.54,462.3821841,0,514.6764473,0,461792.9171,862123.6688,962064.8746,715009.8912,503808.2085,331495.6219,393432.9385,403921.9826
476.11104,C22 H24 O9 N P,iglu#16,indole phenyacetic acid,indole,phenylacetic_acid,NA,AA,,,10.79,0,0,0,0,293157.2797,488038.0998,337282.8838,282695.6992,747939.9328,787612.8072,464903.3411,157872.8627
478.09031,C21 H22 O10 N P,iglu#181,indole hydroxybenozoic acid,indole,hydroxybenzoic_acid,NA,AA,,,9.31,2699.646171,9988.575547,6585.171642,3643.532806,840328.1142,1376812.038,475449.243,526087.8962,1320962.811,1643258.334,744158.932,366561.8087
519.11686,C23 H23 O10 N2 P,iglu#19,indole propionic acid nicotinic acid,indole,nicotinic_acid,propionic_acid,AA,SCFA,,10.51,0,379.5914919,546.7173994,0,218573.262,374165.6391,147267.9373,199971.6593,220758.7296,173303.2324,107894.4794,98660.80846
358.06973,C14H18NO8P,iglu#2,,indole,NA,NA,,,,7.14,246549051.2,257655831.7,186847143.8,194917966.2,141186655.9,225280859,191881647,169344062.7,196016658.7,192988489.5,200860728.4,148161869
544.11211,C24 H24 O10 N3 P,iglu#27,indole pyrrolic acid (x2),indole,pyrrolic_acid,pyrrolic_acid,AA,AA,,11.53,0,0,0,0,320213.871,446007.3502,14411.17986,66870.16203,2529370.692,3847456.845,1121893.505,14167.05648
544.13726,C26 H28 O10 N P,iglu#28,indole benzoic acid tiglic acid,indole,tiglic_acid,benzoic_acid,Unsat_OA,AA,,13.05,5169.383176,11392.04426,5990.267925,7166.666567,6062334.452,11101306.3,2752106.51,4465425.541,7465242.963,7142359.587,3487126.245,1368415.226
545.13251,C25 H27 O10 N2 P,iglu#30,indole nicotinic acid tiglic acid,indole,nicotinic_acid,tiglic_acid,AA,Unsat_OA,,11.48,0,697.7307175,0,0,2526367.198,4402413.773,1756673.52,1924163.958,2502989.017,2157692.172,1310546.464,1210311.146
546.15291,C26 H30 O10 N P,iglu#32,indole benzoic acid isovaleric acid,indole,isovaleric_acid,benzoic_acid,SCFA,AA,,13.42,5460.592511,11864.52398,8736.330497,23012.72188,1292474.038,2526608.447,577055.7886,975237.9967,1999104.402,1546392.648,729614.3852,270915.1224
547.14816,C25H29N2O10P,iglu#36,indole nicotinic acid isovaleric acid,indole,nicotinic_acid,isovaleric_acid,AA,SCFA,,11.82,5811.668194,5735.017338,1745.158417,6121.328286,555201.7437,908591.8174,312496.2522,402031.4564,527708.0884,448200.0906,220242.3331,172131.4482
555.11686,C26 H25 O10 N2 P,iglu#37,indole pyrrolic acid benzoic acid,indole,benzoic_acid,pyrrolic_acid,AA,AA,,12.25,0,0,0,0,1081933.479,1547318.314,60306.04259,223693.5523,3542359.029,5984932.896,1074802.673,45944.47475
556.11211,C25 H24 O10 N3 P,iglu#39,indole nicotinic acid pyrrolic acid,indole,pyrrolic_acid,nicotinic_acid,AA,AA,,10.5,0,0,0,0,1012927.909,1421948.175,153919.3872,342696.8633,3040093.246,3703612.542,1121656.627,119027.2427
477.10629,C21H23N2O9P,iglu#401,indole anthranilic acid,indole,anthranilic_acid,NA,AA,,,10.89,103802683.2,112416480.7,75447198.12,93458348.35,68744476.89,101349851.4,69414943.2,81803218.31,72534808.08,54628329.49,90987777.07,71025442.86
582.12776,C27 H26 O10 N3 P,iglu#41,indole nicotinic acid anthranilic acid,indole,nicotinic_acid,anthranilic_acid,AA,AA,,10.95,709.040859,0,0,0,5041277.208,9117797.24,4064103.913,4688678.47,8197127.276,8424526.976,5387146.653,3885318.824
559.14871,C26H29N2O10P,iglu#42,"indole, antranilic acid, tiglic acid",indole,tiglic_acid,anthranilic_acid,Unsat_OA,AA,,12.74,0,0,0,0,8749242.897,15322205.24,7068622.015,9161545.769,11796593.25,8542913.654,8567935.072,5857016.295
561.16381,C26 H31 O10 N2 P,iglu#44,indole anthranilic acid isovaleric acid,indole,anthranilic_acid,isovaleric_acid,AA,SCFA,,13.11,0,0,0,0,596125.3459,1106762.058,563759.4422,703449.2035,865845.0487,551792.9939,571247.2733,419569.4443
562.15906,C25H30N3O10P,iglu#45,indole isovaleric acid uraconic acid,indole,isovaleric_acid,uraconic_acid,SCFA,AA,,12.74,0,0,0,0,53866.10417,100453.4288,46053.51701,59633.92634,77909.0328,57921.18718,46062.29254,35923.38363
563.14307,C25 H29 O11 N2 P,iglu#47,indole anthranilic acid hydroxybutirc acid,indole,hydroxybutyric_acid,anthranilic_acid,AA,AA,,10.91,0,0,0,0,305486.9024,549863.5305,332814.2835,350366.6918,484470.9824,406449.8677,302663.2295,247697.4064
566.12161,C28 H26 O10 N P,iglu#50,indole benzoic acid (x2),indole,benzoic_acid,benzoic_acid,AA,AA,,13.26,0,0,0,0,4608149.59,6687001.476,648253.1723,1485711.053,8083179.345,10082446.93,1876054.054,334498.403
567.11686,C27 H23 O10 N2 P,iglu#52,indole benzoic nicotinic acid,indole,benzoic_acid,nicotinic_acid,AA,AA,,11.24,0,586.8546019,0,0,5814756.371,9513518.703,2381297.909,3262760.58,7597589.415,8151900.971,2335623.819,1309568.21
568.11211,C26H24N3O10P,iglu#56,indole nicotinic acid (x2),indole,nicotinic_acid,nicotinic_acid,AA,AA,,9.71,10437.73211,7929.111966,3102.107349,8352.364361,2362138.058,3462566.001,1509265.702,1581433.53,2638857.821,3007301.707,927877.4358,906069.2409
570.12776,C26 H26 O10 N3 P,iglu#57,indole anthranilic acid pyrrolic acid,indole,pyrrolic_acid,nicotinic_acid,AA,AA,,11.94,0,0,0,0,1120603.152,1774222.886,192246.9494,423232.6728,3791883.917,4617602.16,2023712.784,176804.0474
571.11177,C26 H25 O11 N2 P,iglu#60,indole hydroxybenzoic acid pyrrolic acid,indole,pyrrolic_acid,hydroxybenzoic_acid,AA,AA,,11.1,0,0,0,0,273815.7681,420014.6885,19378.26749,59051.51466,983960.8888,1265326.458,343131.3478,23249.98872
463.09064,C20H21N2O9P,iglu#601,indole nicotinic acid,indole,nicotinic_acid,NA,AA,,,8.3,233616.292,280379.5276,161047.6132,175013.9302,6905118.335,11163688.41,4592081.861,4738761.292,10253830.6,11904751.64,4744873.819,3011641.655
571.123,C25 H25 O10 N4 P,iglu#62,indole uraconic acid pyrrolic acid,indole,pyrrolic_acid,uraconic_acid,AA,AA,,9.3,0,0,575.659878,0,51591.02772,71854.50176,651.335401,7329.029442,155159.8778,266652.496,68821.87151,2635.817063
580.13726,C29 H28 O10 N P,iglu#64,indole benzoic acid phenylacetic acid,indole,phenylacetic_acid,benzoic_acid,AA,AA,,13.46,1736.586542,1768.074982,0,0,564274.3676,953404.4956,188764.3284,304286.7544,1184733.378,1180336.314,426011.6714,81032.31581
581.13251,C28 H27 O10 N2 P,iglu#65,indole benzoic acid anthranilic acid,indole,benzoic_acid,anthranilic_acid,AA,AA,,12.95,0,881.6631328,0,0,3762760.018,5981209.016,1540375.461,2288624.604,7074615.977,7094515.354,3223758.649,1108680.554
582.12776,C27 H26 O10 N3 P,iglu#69,indole benzoic acid uraconic acid,indole,benzoic_acid,uraconic_acid,AA,AA,,10.95,709.040859,0,0,0,5041277.208,9117797.24,4064103.913,4688678.47,8197127.276,8424526.976,5387146.653,3885318.824
595.14816,C29 H29 O10 N2 P,iglu#72,indole anthranilic acid phenylacetic acid,indole,anthranilic_acid,phenylacetic_acid,AA,AA,,13.16,0,0,0,0,221396.6499,394880.2036,195806.6705,218794.7134,477672.5032,390345.2717,320441.4193,160365.0804
596.14341,C28H28N3O10P,iglu#74,indole anthranilic acid (x2),indole,anthranilic_acid,anthranilic_acid,AA,AA,,12.55,0,0,0,0,4926815.904,8137516.018,3972412.309,4521831.952,9097254.431,7470870.333,8067255.203,4305497.079
597.12742,C28 H27 O11 N2 P,iglu#75,indole anthranilic acid hydroxybenozic acid,indole,hydroxybenzoic_acid,anthranilic_acid,AA,AA,,11.49,278.8221766,0,0,0,713559.0495,1103816.161,305667.1556,399895.9962,1609874.645,1579284.192,974091.8878,619196.5636
440.11104,C19H24NO9P,iglu#801,indole tiglic acid,indole,tiglic_acid,NA,Unsat_OA,,,10.04,4760.119942,13034.10284,11335.42911,13753.47668,4668045.141,8666445.704,7966918.228,6155251.608,4121499.17,3481334.383,3385511.074,3514882.34
597.13866,C27 H27 O10 N4 P,iglu#82,indole anthranilic acid uraconic acid,indole,anthranilic_acid,uraconic_acid,AA,AA,,9.7,0,0,0,0,128111.5803,186510.1499,32391.93742,52786.8438,274875.8041,334773.5992,182133.5851,81690.61027
611.14307,C29 H29 O11 N2 P,iglu#86,indole anthranilic acid hydroxylphenylacetic acid,indole,anthranilic_acid,hydroxyphenylacetic_acid,AA,AA,,11.6,0,0,0,0,95989.82573,161617.1986,72852.89366,88346.51508,195242.5569,191046.2776,88738.75313,62340.5642
559.14816,C26 H29 O10 N2 P,iglu#88,indole anthranilic acid tiglic acid,indole,anthranilic_acid,tiglic_acid,AA,Unsat_OA,,12.74,0,0,0,0,8749242.897,15322205.24,7068622.015,9161545.769,11796593.25,8542913.654,8567935.072,5857016.295
533.13251,C24 H27 O10 N2 P,iglu#92,indole nicotinic acid butyric acid,indole,nicotinic_acid,butyric_acid,AA,SCFA,,12.3,0,0,1104.238231,790.6889355,1079842.342,1891391.097,223528.8667,520088.1615,2626085.124,2604008.183,1408425.532,165079.3386
510.1026,C19 H22 O10 N5 P,mgglu#201,"methyl guanine, benzoic acid",methylguanine,benzoic_acid,NA,AA,,,5.36,688.8588446,1223.321002,2301.713734,2717.974762,256737.1678,368728.7676,112406.619,156392.7996,655291.748,690269.5769,315679.6076,70124.68748
598.1339,C26 H26 O10 N5 P,mgglu#4,methyl adenine benzoic acid (x2),methylguanine,benzoic_acid,benzoic_acid,AA,AA,,7.64,0,565.1874242,0,831.39729,7143.121985,12494.12294,0,0,65980.06547,99193.89928,14589.64911,2529.714021
550.11144,C24H26NO12P,nglu#3,nicotinic acid benzoic acid tiglic acid,nicotinate,benzoic_acid,tiglic_acid,AA,Unsat_OA,,10.6,598.3398331,0,0,0,279842.6457,484871.4637,434258.461,363852.8743,281956.9401,198412.8165,151641.9297,246367.3359
551.10669,C23 H25 O12 N2 P,nglu#5,nicotinc acid (x2) tiglic acid,nicotinate,tiglic_acid,nicotinic_acid,Unsat_OA,AA,,9.04,2742.101808,4624.156882,0,654.6164749,184519.5291,315901.1903,212931.8234,179346.3138,302289.7175,288016.8128,134777.5593,164677.5664
565.12234,C24H27N2O12P,nglu#7,nicotinic acid (x2) 6:1,nicotinate,FA_6:1,nicotinic_acid,SCFA,AA,,9.89,2543.834334,3590.32567,1925.258528,2203.993454,568516.6715,1246914.812,1530840.225,934924.2066,605914.3615,401638.0823,427251.0418,850567.2968
595.16929,C26 H33 O12 N2 P,oglu#10,octopamine anthranilic acid tiglic acid,octopamine,anthranilic_acid,tiglic_acid,AA,Unsat_OA,d1 from d2-L-tyrosine,7.48,2150.571029,1773.474368,4969.143114,9148.541477,2337409.223,3442219.899,3802466.379,3769399.834,1469639.087,1250757.43,2578479.217,2051394.271
602.14274,C28 H30 O12 N P,oglu#12,octopamine benzoic acid (x2),octopamine,benzoic_acid,benzoic_acid,AA,AA,,7.98,33056.90133,54665.9895,32152.69464,33251.95519,484248.5209,672286.2737,307856.3666,413084.4713,692686.6206,832780.4558,362261.0121,139944.5454
606.14889,C26 H30 O12 N3 P,oglu#14,octopamine anthranilic acid pyrrolic acid,octopamine,anthranilic_acid,pyrrolic_acid,AA,AA,,6.99,23058.13351,22392.1395,9327.680575,18385.1415,154603.2518,211969.1031,50599.53192,83050.96281,268123.2438,312291.9374,217526.8691,26350.98029
618.14889,C27 H30 O12 N3 P,oglu#15,octopamine anthranilic acid nicotinic acid,octopamine,nicotinic_acid,anthranilic_acid,AA,AA,,6.48,0,0,0,0,545369.0345,800070.9785,427855.0791,502625.9498,540033.2715,530552.8231,357342.315,214561.7005
633.14855,C28 H31 O13 N2 P,oglu#17,octopamine anthranilic acid hydroxybenzoic acid,octopamine,anthranilic_acid,hydroxybenzoic_acid,AA,AA,,7,0,0,0,0,243816.9951,376101.4048,188862.1557,274182.6477,178499.8982,188742.8538,193764.2273,118050.77
638.20025,C29 H38 O13 N P,oglu#20,octopamine benzoic acid m8:1,octopamine,benzoic_acid,FA_m8:1,AA,SCFA,,8.36,23796.85179,31406.2866,16766.33939,13585.77221,727959.4789,841358.9366,300537.227,148514.2988,1008133.337,1358999.574,80826.98508,88457.22561
653.21115,C29 H39 O13 N2 P,oglu#22,octopamine anthranilic acid m6:1,octopamine,anthranilic_acid,FA_m6:1,AA,SCFA,,8.13,2775.23967,3522.099072,1691.073974,5041.65271,654192.9262,1064590.922,352160.8435,401348.2521,772146.5135,710208.5495,284457.8289,131109.3866
603.13799,C27 H29 O12 N2 P,oglu#24,octopamine nicotinic acid benzoic acid,octopamine,nicotinic_acid,benzoic_acid,AA,AA,,6.74,5274.49936,7481.166472,2979.04049,4338.657042,38870.15902,49476.01513,62848.69451,39796.07337,53425.4692,45490.90068,31240.76143,21227.14455
580.13324,C24 H28 O12 N3 P,oglu#26,octopamine pyrrolic acid (x2),octopamine,pyrrolic_acid,pyrrolic_acid,AA,AA,,6.69,0,3732.628072,0,0,22723.10721,32102.7844,2315.11732,7126.27507,117931.9892,146901.1038,88324.53749,721.7409183
588.25792,C27H44NO11P,oglu#28,octopamine becyp#1,octopamine,FA_cfa:becyp#1,NA,FA,,,10.68,181482.5493,244589.1153,359740.7138,388851.1952,650.2663018,1953.731763,632.6370343,2431.074283,259017.9546,175933.3088,306889.9041,278677.7454
646.20589,C31H38NO12P,oglu#30,tentative,octopamine,FA_10:3,NA,FA,,,9.76,306247.4024,485139.2235,294956.3542,272233.2606,494.9167751,1664.783923,0,0,325152.4558,293367.7103,218528.0703,83247.59229
662.23719,C32H42NO12P,oglu#32,tentative,octopamine,FA_11:2,benzoic_acid,FA,AA,,10.76,119991.6885,157758.7884,130560.0883,89533.96325,5832.351854,10022.51139,3068.211489,2918.167297,194447.5436,198831.2507,138249.38,56221.38656
666.26849,C32H46NO12P,oglu#34,tentative,octopamine,FA_11:0,benzoic_acid,FA,AA,,10.8,97593.32951,134854.5597,188193.3136,154622.4172,629.4258093,1006.968641,5672.663144,2984.323988,89923.03852,89654.10045,62169.63316,34980.76843
670.29979,C32H50NO12P,oglu#36,tentative,octopamine,FA_cfa:becyp#1,tiglic_acid,FA,Unsat_OA,,11.44,137973.7298,214826.6797,245431.9644,461924.841,0,0,0,0,71809.115,64475.93009,87621.49395,101085.4554
692.28414,C34H48NO12P,oglu#38,tentative,octopamine,FA_cfa:becyp#1,benzoic_acid,FA,AA,,11.56,565030.2913,718929.4328,489516.4851,465134.4603,5291.456115,7848.645665,0,4279.36661,389081.2839,394244.0492,258688.2517,101823.1322
693.27939,C33H47N2O12P,oglu#40,tentative,octopamine,unknown,NA,NA,,,10.96,76857.2542,108762.2737,81820.86289,140061.9966,0,366.2364857,0,0,79100.26287,61139.64389,96521.80639,92114.16487
700.31035,C33H52NO13P,oglu#42,tentative,octopamine,FA_11:1,NA,FA,,,10.82,264244.9123,373184.5818,102844.6537,74685.28176,1599.263574,3957.241226,417.5100961,0,450884.1702,403635.7806,270859.9958,78926.86774
702.326,C33H54NO13P,oglu#44,tentative,octopamine,FA_11:0,NA,FA,,,11.07,136148.5708,256787.5139,82523.71377,22668.20772,0,0,0,836.75579,331131.1212,208126.0687,294484.9596,35886.4585
708.27905,C34H48NO13P,oglu#46,tentative,octopamine,FA_cfa:becyp#1,nicotinic_acid,FA,AA,,11.15,95612.83763,162067.2594,134847.2467,135403.2135,975.4492643,2797.720149,1737.945937,0,120741.9739,90432.21917,123379.5997,76573.26993
716.28414,C36H48NO12P,oglu#48,tentative,octopamine,FA_15:3,benzoic_acid,FA,AA,,11.53,245674.5728,319429.2044,239652.3486,267722.088,606.256647,2904.48915,1077.656245,998.2157378,321372.4116,300149.5294,262243.5146,129221.4925
752.34165,C37H56NO13P,oglu#50,tentative,octopamine,FA_16:0,hydroxybenzoic_acid,FA,AA,,11.74,37804.73544,46341.62584,43157.10581,55035.50907,0,0,0,0,98084.3174,86666.27535,56869.50098,45255.64837
778.3573,C39H58NO13P,oglu#52,tentative,octopamine,FA_m18:0,benzoic_acid,FA,AA,,12.03,121039.1862,177971.5851,126862.2881,156939.8431,0,0,0,0,103612.4545,99731.71951,97228.84935,49402.6516
569.11725,C23 H27 O13 N2 P,oglu#6,octopamine tiglic acid pyrrolic acid,octopamine,nicotinic_acid,tiglic_acid,AA,Unsat_OA,,9.71,1261.461345,0,0,0,655187.9607,1026967.796,422730.8005,425670.4966,770650.2028,847885.458,252807.9084,245912.4236
591.13799,C26 H29 O12 N2 P,oglu#7,octopamine benzoic acid pyrrolic acid,octopamine,benzoic_acid,tiglic_acid,AA,Unsat_OA,,7.91,0,0,0,0,66064.82777,87375.70866,13307.94333,18767.05822,251600.2117,258593.6651,117253.4882,7401.479417
456.06957,C18 H20 O11 N P,pyglu#201,pyrrolic acicd benzoic acid,pyrrole,benzoic_acid,NA,AA,,,8.76,5631.337449,4694.813649,1447.408194,0,632133.0144,802765.1201,243125.4049,292225.6037,2321442.929,2644568.824,1387306.01,136012.8097
538.11144,C23 H26 O12 N P,pyglu#4,pyrrolic acid benzoic acid tiglic acid,pyrrole,benzoic_acid,tiglic_acid,AA,Unsat_OA,,11.25,5718.463848,6591.219726,584.2191902,0,199523.7043,338768.9046,103605.9882,141265.6829,554148.6338,493316.2885,203295.2746,75983.74706
379.14995,C18H24N2O7,sngl#1,n-acetylserotonin,n-acetylserotonin,NA,NA,,,,5.76,83978.56266,117248.9981,382879.4516,321350.1994,58325.41579,114703.1959,313267.596,269959.8658,98771.29222,120422.4161,412336.1783,297006.7565
459.11741,C18H25N2O10P,sngl#2,n-acetylserotonin,n-acetylserotonin,NA,NA,,,,5.63,120531.0595,139737.6553,189324.3523,113504.6259,100263.9386,143253.683,219077.1607,129364.6491,211146.2759,249613.7222,252272.316,153545.4077
578.15452,C25H30N3O11P,sngl#4,"n-acetylserotonin, anthranilic acid",n-acetylserotonin,NA,anthranilic_acid,,AA,,8.57,1030529.011,1166525.509,1096245.598,1265444.282,570959.6931,838400.893,1008593.091,889535.3802,675153.2791,617586.1756,889253.1062,852544.5391
423.10562,C16 H25 O11 P,tiglu#2,tiglic acid (x2),tiglic,NA,NA,,,,9.03,3093111.309,3339771.125,1833320.538,1371685.281,2078668.974,3465628.609,2315799.57,2138803.63,3854588.301,3615374.82,3252661.282,1654236.23
755.27923,C34 H49 O15 N2 P,tyglas#1,tyramine ascr#1 anthranilic acid,NA,NA,NA,,,,7.95,1190.01873,3123.65576,1858.214906,2069.41261,352196.1547,597727.8284,298205.1097,284433.0634,361779.5005,350162.3358,290894.165,174725.9116
713.23228,C31 H43 O15 N2 P,tyglas#11,ascr#11 anthranilic acid tyramine,NA,NA,NA,,,,7.12,0,0,0,0,30922.91546,45667.03314,70159.67845,51673.22452,39457.54729,33698.97539,52545.90761,39470.54549
753.26358,C34 H47 O15 N2 P,tyglas#7,tyramine ascr#7 anthranilic acid,NA,NA,NA,,,,7.88,0,653.9295898,0,0,479879.2259,649331.9109,282806.0942,316656.1457,673477.5556,726089.4649,391727.6786,187872.8214
615.17437,C29 H33 O11 N2 P,tyglu#12,tyramine anthranilic acid phenylacetic acid,tyramine,phenylacetic_acid,anthranilic_acid,AA,AA,d2 from d2-L-tyrosine,8.63,1462.87958,1322.961344,2653.905649,2517.665684,150837.125,267485.4568,210830.6599,202677.3847,222843.8267,212248.1674,261684.9975,129682.0634
581.19002,C26 H35 O11 N2 P,tyglu#14,tyramine isovaleric acid anthranilic acid,tyramine,isovaleric_acid,anthranilic_acid,SCFA,AA,13C5 from 13C6-L-leucine,8.37,0,0,0,0,700089.0047,1165962.904,1476187.916,1268198.573,774022.5152,584878.1928,1027753.405,864821.1139
601.15927,C28H31N2O11P,tyglu#16,"tyramine, anthranilic acid, carboxy-benzyl",tyramine,benzoic_acid,anthranilic_acid,AA,AA,,8.4,0,929.9174546,522.4976514,0,8233924.457,12359060.67,7179312.703,7986867.028,12266087.7,12768604.64,9528115.533,5015381.905
471.11686,C19 H25 O10 N2 P,tyglu#181,"tyramine, pyrrolic acid",tyramine,nicotinic_acid,NA,AA,,d2 from d2-L-tyrosine,5.92,852.4029677,837.7725518,0,0,42868.53485,68052.94849,41152.95619,39612.98688,180063.5886,168949.3684,216312.3448,16184.47727
553.15872,C24 H31 O11 N2 P,tyglu#19,tyramine pyrrolic acid tiglic acid,tyramine,pyrrolic_acid,tiglic_acid,AA,Unsat_OA,d2 from d2-L-tyrosine,7.9,0,308.9103525,0,0,419120.2066,648208.9712,171681.785,226159.9816,879747.0901,836363.4735,939054.9844,96803.44124
497.13251,"	C21H27N2O10P",tyglu#2,tyramine anthranilic acid,tyramine,anthranilic_acid,NA,AA,,d2 from d2-L-tyrosine,6.28,3916.206713,4230.962316,6108.653355,5665.078726,469028.6455,743172.626,1881026.791,1113236.87,691738.519,639819.8195,1281269.822,793494.4276
555.17437,C24 H33 O11 N2 P,tyglu#22,tyramine pyrrolic acid isovaleric acid,tyramine,pyrrolic_acid,isovaleric_acid,AA,SCFA,d2 from d2-L-tyrosine,8.12,1480.297119,1241.449812,487.1083953,0,43823.87306,81007.56388,18839.70102,25598.9685,105715.7398,102958.5798,83004.7361,10211.96159
564.16347,C26 H32 O11 N P,tyglu#26,tyramine benzoic acid tiglic acid,tyramine,benzoic_acid,tiglic_acid,AA,Unsat_OA,,8.37,2986.705149,6922.317447,5229.388791,10403.8593,143409.8347,219343.6723,244282.2642,204925.9148,160709.4235,167186.1298,124387.4829,122860.1116
575.14307,C26 H29 O11 N2 P,tyglu#28,tyramine pyrrolic acid benzoic acid,tyramine,benzoic_acid,pyrrolic_acid,AA,AA,,8.17,462.2368652,509.7478704,0,689.9445333,850833.1811,1239128.526,150548.6494,313462.5578,2659275.795,3174228.436,1415709.735,81603.05372
576.13832,C25 H28 O11 N3 P,tyglu#30,tyramine pyrrolic acid nicotinc acid,tyramine,nicotinic_acid,pyrrolic_acid,AA,AA,,6.88,0,635.2637525,0,585.1697666,87353.30842,111390.7272,18105.47715,32481.119,223395.0752,269914.9165,108653.0488,13817.9444
586.14782,C28 H30 O11 N P,tyglu#32,tyramine benzoic acid  (x2),tyramine,benzoic_acid,benzoic_acid,AA,AA,,8.61,2795.196899,6741.578297,2414.212658,3077.375068,445062.4525,612810.5511,205967.1686,219511.3255,671194.3098,978211.22,258847.8614,89038.33359
590.15397,C26 H30 O11 N3 P,tyglu#34,tyramine anthranilic acid pyrrolic acid,tyramine,anthranilic_acid,pyrrolic_acid,AA,AA,d2 from d2-L-tyrosine,7.7,0,0,0,554.0128705,516103.1606,732696.5065,124807.9187,223891.3769,1159681.348,1240084.043,813008.5374,93676.52815
617.15364,C28 H31 O12 N2 P,tyglu#35,tyramine anthranilic acid hydroxybenzoic acid,tyramine,anthranilic_acid,hydroxybenzoic_acid,AA,AA,,7.76,5519.371884,6347.977728,4069.071278,5083.78805,3474992.92,5543726.724,2438714.961,3479265.956,4284369.147,4766172.882,3393132.179,1770032.371
617.16487,C27 H31 O11 N4 P,tyglu#38,tyramine uraconic acid anthranilic acid,tyramine,anthranilic_acid,uraconic_acid,AA,AA,,6.28,0,0,0,0,101775.3132,153626.2674,72544.50368,96950.84308,118358.2779,128397.9641,126271.152,89214.5457
616.17017,C28H32N3O11P,tyglu#4,"tyramine, anthranilic acid (x2)",tyramine,anthranilic_acid,anthranilic_acid,AA,AA,,8.13,0,0,799.6660534,0,460746.6762,744246.6791,692275.5797,678055.4471,530114.8936,451620.6084,851596.2375,608040.182
644.20092,C30 H36 O11 N3 P,tyglu#42,tyramine anthranilic acid phenylalanine,tyramine,anthranilic_acid,phenylalanine,AA,AA,,7,0,0,0,0,31178.42448,54504.71646,86257.32123,67789.06268,46783.85477,40917.91548,83541.31869,71032.72686
567.17437,C25 H33 O11 N2 P,tyglu#52,tyramine anthranilic acid isovaleric acid,tyramine,anthranilic_acid,isovaleric_acid,AA,SCFA,13C5 from 13C6-L-leucine,7.84,1088.075743,1396.404934,505.8355621,1095.367746,25227.97732,37514.96137,82289.78589,55750.19808,25045.70013,20456.55598,52037.29504,45402.99282
602.15452,C27H30N3O11P,tyglu#6,"tyramine, anthranilic acid, nicotinic acid",tyramine,nicotinic_acid,anthranilic_acid,AA,AA,,7.19,0,0,0,0,1248909.886,1984167.177,1344938.115,1237787.278,1547183.64,1604679.384,1182385.72,908272.981
579.17437,C26 H33 N2 O11 P,tyglu#8,"tyramine, anthranilic acid, tiglic acid",tyramine,tiglic_acid,anthranilic_acid,Unsat_OA,AA,d2 from d2-L-tyrosine,8.15,46555.78516,77170.99575,71467.20839,69281.21398,7687976.811,12585654.37,17414837.15,13646676.23,7671735.274,6213261.966,15251181.29,12943253.12
587.22061,C24H36N4O13,uglas#1,NA,NA,NA,NA,,,,6.33,157590.981,204002.7106,222340.1612,181089.5305,156725.0596,213199.6787,155791.6284,105596.8935,239070.8879,237770.3018,154158.4669,108851.6155
667.18694,C24H37N4O16P,uglas#11,NA,NA,NA,NA,,,,5.6,375519.9129,446145.9643,463408.8259,752036.6663,466180.2847,447360.5522,538903.6582,336707.4679,550797.1099,512826.2926,650573.6699,766946.4266